ChauffeurID,Chauffeur,Ville,Statut,AnneeEntree
CH001,Ali Guesmi,Sousse,Actif,2024
CH002,Slim Zouari,Bizerte,Actif,2024
CH003,Mehdi Zouari,Sousse,Actif,2026
CH004,Hedi Maalej,Monastir,Actif,2024
CH005,Bilel Jaziri,Tunis,Actif,2025
CH006,Mehdi Bouazizi,Nabeul,Actif,2026
CH007,Hatem Trabelsi,Bizerte,Actif,2026
CH008,Zied Ben Salah,Ben Arous,Actif,2025
CH009,Slim Bouzid,Tunis,Actif,2025
CH010,Ahmed Chebbi,Sousse,Suspendu,2024
CH011,Fethi Mejri,Kairouan,Suspendu,2023
CH012,Ridha Ouertani,Sousse,Suspendu,2023
CH013,Mohamed Hammami,Manouba,Actif,2025
CH014,Taoufik Bouzid,Sousse,Actif,2025
CH015,Mehdi Amri,Sousse,Actif,2024
CH016,Hedi Dridi,Ariana,Actif,2026
CH017,Taoufik Baccouche,Djerba,Actif,2024
CH018,Mohamed Belhaj,Tunis,Actif,2026
CH019,Youssef Ktari,Tunis,Actif,2024
CH020,Hedi Ouertani,Sfax,Actif,2026
CH021,Taoufik Ben Salah,Sousse,Actif,2025
CH022,Sami Khelifi,Tunis,Actif,2025
CH023,Ridha Rekik,Nabeul,Actif,2025
CH024,Mehdi Chebbi,Tunis,Actif,2025
CH025,Anis Ayari,Ben Arous,Suspendu,2025
CH026,Nizar Chebbi,Ariana,Actif,2025
CH027,Karim Baccouche,Mahdia,Actif,2024
CH028,Slim Amri,Ariana,Actif,2023
CH029,Slim Jebali,Tunis,Actif,2025
CH030,Fethi Ferchichi,Ben Arous,Actif,2025
CH031,Nizar Ktari,Ben Arous,Actif,2024
CH032,Fethi Belhaj,Ariana,Actif,2024
CH033,Sami Guesmi,Tunis,Actif,2024
CH034,Zied Ferchichi,Manouba,Actif,2024
CH035,Anis Chebbi,Sousse,Actif,2024
CH036,Youssef Karoui,Sfax,Actif,2025
CH037,Karim Gharbi,Monastir,Actif,2024
CH038,Mehdi Gharbi,Ariana,Actif,2023
CH039,Bilel Mejri,Ben Arous,Actif,2023
CH040,Anis Nasri,Nabeul,Actif,2026
CH041,Mohamed Gharbi,Ariana,Actif,2026
CH042,Anis Ferchichi,Tunis,Actif,2024
CH043,Hedi Zouari,Tunis,Actif,2026
CH044,Anis Dridi,Sousse,Actif,2025
CH045,Fethi Chebbi,Nabeul,Suspendu,2025
CH046,Anis Ben Salah,Djerba,Actif,2025
CH047,Karim Baccouche,Gabès,Actif,2024
CH048,Karim Ben Salah,Sousse,Actif,2025
CH049,Slim Rekik,Tunis,Actif,2026
CH050,Ali Ktari,Djerba,Actif,2025
CH051,Sami Amri,Tunis,Actif,2024
CH052,Ridha Maalej,Monastir,Suspendu,2024
CH053,Ali Bouazizi,Sfax,Actif,2025
CH054,Wassim Hammami,Monastir,Actif,2023
CH055,Zied Ktari,Ben Arous,Actif,2025
CH056,Hatem Nasri,Sfax,Actif,2026
CH057,Youssef Rekik,Sfax,Suspendu,2024
CH058,Mourad Ouertani,Gabès,Actif,2023
CH059,Ali Maalej,Nabeul,Actif,2023
CH060,Hatem Hamdi,Djerba,Actif,2026
CH061,Youssef Ouertani,Monastir,Actif,2024
CH062,Ridha Rekik,Sfax,Actif,2025
CH063,Wassim Mejri,Gabès,En attente,2026
CH064,Mehdi Maalej,Sfax,En attente,2025
CH065,Karim Chebbi,Ben Arous,En attente,2024
CH066,Mohamed Ktari,Gabès,En attente,2026
CH067,Ali Ben Salah,Kairouan,En attente,2026
CH068,Taoufik Trabelsi,Sousse,En attente,2024
