Date,ChauffeurID,CoursesDemandees,CoursesTerminees,CoursesAnnulees,CA,Km,SommeNotes,CA_Carte
2025-01-01,CH001,6,6,0,165.53,52.7,24.53,69.81
2025-01-01,CH003,1,1,0,36.98,11.8,5.14,15.0
2025-01-01,CH004,1,1,0,26.53,8.1,6.22,9.65
2025-01-01,CH005,6,4,2,82.57,24.2,13.68,48.85
2025-01-01,CH008,3,3,0,80.64,27.1,11.77,31.77
2025-01-01,CH009,6,4,2,117.51,35.7,19.8,72.86
2025-01-01,CH010,3,3,0,57.6,18.1,12.21,28.51
2025-01-01,CH011,6,4,2,64.73,21.9,13.13,19.05
2025-01-01,CH012,7,6,1,148.57,47.3,23.91,58.64
2025-01-01,CH013,7,6,1,126.11,44.8,28.15,35.63
2025-01-01,CH014,7,6,1,119.52,37.4,21.86,58.67
2025-01-01,CH015,9,7,2,158.14,49.4,30.24,59.73
2025-01-01,CH017,6,6,0,193.85,54.9,22.09,67.02
2025-01-01,CH019,11,10,1,242.79,74.1,37.9,150.05
2025-01-01,CH021,6,4,2,120.21,38.1,16.77,58.27
2025-01-01,CH022,7,6,1,112.72,33.1,27.51,65.62
2025-01-01,CH023,7,6,1,159.58,49.7,19.58,51.93
2025-01-01,CH024,7,7,0,189.92,57.0,30.43,117.75
2025-01-01,CH025,4,4,0,86.75,28.4,19.07,34.26
2025-01-01,CH026,13,10,3,279.46,92.4,45.48,131.81
2025-01-01,CH027,3,3,0,54.42,18.0,10.89,19.78
2025-01-01,CH028,4,4,0,119.21,38.7,16.55,50.13
2025-01-01,CH029,1,1,0,26.2,7.8,7.07,15.49
2025-01-01,CH030,3,3,0,60.47,20.2,13.36,27.08
2025-01-01,CH031,3,3,0,72.21,23.9,9.06,29.58
2025-01-01,CH032,9,7,2,142.69,45.6,25.72,62.26
2025-01-01,CH033,1,1,0,27.11,7.9,5.48,16.81
2025-01-01,CH034,4,4,0,85.37,29.3,18.57,22.68
2025-01-01,CH035,3,3,0,87.55,28.1,11.9,42.53
2025-01-01,CH036,17,14,3,187.94,58.5,56.81,93.99
2025-01-01,CH038,1,1,0,38.31,12.5,6.07,18.15
2025-01-01,CH039,9,7,2,172.38,57.9,30.65,62.37
2025-01-01,CH042,10,9,1,213.33,64.1,28.8,125.79
2025-01-01,CH044,3,3,0,46.05,13.8,11.0,23.1
2025-01-01,CH045,11,10,1,199.24,61.7,35.76,65.62
2025-01-01,CH046,6,4,2,125.52,34.9,19.53,46.66
2025-01-01,CH047,4,3,1,52.93,19.1,11.42,19.6
2025-01-01,CH048,6,6,0,123.39,38.4,25.4,57.67
2025-01-01,CH051,10,9,1,288.1,88.5,29.13,167.99
2025-01-01,CH053,6,6,0,166.63,56.1,21.43,73.71
2025-01-01,CH054,4,4,0,123.01,38.9,15.87,44.24
2025-01-01,CH055,1,1,0,36.31,12.3,5.84,14.38
2025-01-01,CH057,3,3,0,51.87,17.0,11.69,23.81
2025-01-01,CH059,9,7,2,157.59,47.6,29.74,64.45
2025-01-01,CH061,6,4,2,117.46,36.7,19.93,34.81
2025-01-01,CH062,10,9,1,132.37,42.0,32.54,66.39
2025-02-01,CH001,4,4,0,82.1,25.0,18.75,32.55
2025-02-01,CH002,1,1,0,34.97,11.9,5.22,12.43
2025-02-01,CH003,1,1,0,31.19,9.8,5.18,12.58
2025-02-01,CH004,4,4,0,122.61,38.6,19.11,36.65
2025-02-01,CH005,10,9,1,241.5,72.7,25.93,127.88
2025-02-01,CH008,7,6,1,108.69,35.7,23.66,41.49
2025-02-01,CH009,4,4,0,68.12,19.6,19.71,42.24
2025-02-01,CH011,1,1,0,34.0,12.2,4.69,11.82
2025-02-01,CH012,7,6,1,129.69,40.2,25.79,64.22
2025-02-01,CH013,1,1,0,31.02,10.8,7.1,9.98
2025-02-01,CH014,7,6,1,97.2,28.8,22.22,46.33
2025-02-01,CH015,7,6,1,142.02,44.7,23.66,76.99
2025-02-01,CH017,4,3,1,69.7,19.2,10.36,25.82
2025-02-01,CH019,17,14,3,363.92,111.1,52.43,225.63
2025-02-01,CH021,10,9,1,217.97,68.7,33.04,87.55
2025-02-01,CH022,7,6,1,111.43,32.6,26.74,69.08
2025-02-01,CH023,4,4,0,119.78,37.0,14.8,40.75
2025-02-01,CH024,6,6,0,161.02,48.9,24.91,99.84
2025-02-01,CH025,4,4,0,97.56,33.0,19.16,48.61
2025-02-01,CH026,4,4,0,92.35,29.0,19.13,28.31
2025-02-01,CH027,4,4,0,90.94,30.7,17.85,29.78
2025-02-01,CH028,9,7,2,143.61,45.3,27.3,62.66
2025-02-01,CH029,4,3,1,93.99,28.9,13.9,52.68
2025-02-01,CH030,4,4,0,103.92,34.6,19.08,37.78
2025-02-01,CH032,7,6,1,160.05,53.0,20.26,74.83
2025-02-01,CH033,7,6,1,152.53,46.3,23.88,84.63
2025-02-01,CH034,1,1,0,33.62,11.8,6.26,10.12
2025-02-01,CH035,3,3,0,55.14,17.0,11.9,22.65
2025-02-01,CH036,7,6,1,153.71,50.6,24.8,56.99
2025-02-01,CH038,1,1,0,38.79,12.6,6.07,17.47
2025-02-01,CH039,1,1,0,25.28,8.2,6.04,9.4
2025-02-01,CH042,7,6,1,179.68,54.7,18.8,103.44
2025-02-01,CH044,3,3,0,52.62,16.6,11.59,19.61
2025-02-01,CH045,7,7,0,171.24,53.2,25.18,67.29
2025-02-01,CH046,9,7,2,212.09,59.5,31.88,83.53
2025-02-01,CH047,3,1,2,31.78,11.5,5.66,11.96
2025-02-01,CH048,9,7,2,204.38,65.9,32.4,79.6
2025-02-01,CH051,7,6,1,125.03,37.3,17.94,69.16
2025-02-01,CH052,6,4,2,130.85,41.4,14.07,34.68
2025-02-01,CH053,7,6,1,178.83,60.6,21.44,83.29
2025-02-01,CH054,6,4,2,103.53,31.7,15.87,34.56
2025-02-01,CH055,1,1,0,20.13,6.6,5.83,8.37
2025-02-01,CH057,3,3,0,52.35,17.1,11.71,22.99
2025-02-01,CH059,7,6,1,143.65,44.4,24.85,57.17
2025-02-01,CH061,3,3,0,81.54,25.7,13.12,31.46
2025-02-01,CH062,7,6,1,134.86,44.9,21.02,64.57
2025-03-01,CH001,4,3,1,69.89,22.2,12.02,32.81
2025-03-01,CH002,1,1,0,30.53,10.3,5.48,12.52
2025-03-01,CH004,7,6,1,127.04,38.9,24.99,45.09
2025-03-01,CH005,7,6,1,119.45,35.5,17.72,60.58
2025-03-01,CH008,1,1,0,35.37,12.0,5.97,15.43
2025-03-01,CH009,15,14,1,313.23,94.3,57.47,194.2
2025-03-01,CH011,4,4,0,94.44,33.0,13.4,32.15
2025-03-01,CH012,4,4,0,113.43,35.7,18.31,39.91
2025-03-01,CH013,3,3,0,72.02,25.8,14.31,21.94
2025-03-01,CH014,11,10,1,241.27,75.3,39.03,99.77
2025-03-01,CH015,7,6,1,154.72,49.4,23.81,55.81
2025-03-01,CH017,3,3,0,77.69,21.5,10.47,32.47
2025-03-01,CH019,11,10,1,162.57,46.1,39.1,100.79
2025-03-01,CH021,7,6,1,127.08,39.4,22.67,58.23
2025-03-01,CH022,6,6,0,97.21,28.2,26.79,58.11
2025-03-01,CH023,7,6,1,162.55,50.2,19.78,57.99
2025-03-01,CH024,6,4,2,122.68,37.4,18.2,71.29
2025-03-01,CH025,7,6,1,146.02,49.5,25.05,51.9
2025-03-01,CH026,7,6,1,95.63,29.5,25.31,45.31
2025-03-01,CH027,6,4,2,85.95,28.4,17.83,27.71
2025-03-01,CH028,9,7,2,186.56,60.6,28.8,94.97
2025-03-01,CH029,3,3,0,96.85,30.0,13.67,60.05
2025-03-01,CH030,6,4,2,108.78,36.4,18.49,47.93
2025-03-01,CH031,9,7,2,189.69,64.4,23.76,83.56
2025-03-01,CH032,9,7,2,186.66,61.0,24.55,82.92
2025-03-01,CH033,9,7,2,175.72,53.3,28.19,99.33
2025-03-01,CH034,4,4,0,66.59,22.6,19.38,25.53
2025-03-01,CH035,4,4,0,112.27,36.1,17.14,47.99
2025-03-01,CH036,7,6,1,99.9,31.4,25.55,39.59
2025-03-01,CH037,1,1,0,43.4,13.8,6.44,15.93
2025-03-01,CH038,6,4,2,81.1,25.3,17.48,37.55
2025-03-01,CH039,10,9,1,178.62,59.1,35.78,74.23
2025-03-01,CH042,17,14,3,307.01,92.1,42.81,174.22
2025-03-01,CH045,7,7,0,237.52,75.0,25.94,81.26
2025-03-01,CH046,10,9,1,222.91,61.4,38.16,84.14
2025-03-01,CH047,3,1,2,28.24,9.9,5.58,7.79
2025-03-01,CH048,7,6,1,85.55,26.1,25.66,37.31
2025-03-01,CH049,1,1,0,30.79,9.2,6.08,19.09
2025-03-01,CH050,6,4,2,137.04,38.6,14.12,47.52
2025-03-01,CH051,15,12,3,300.95,90.5,37.96,186.59
2025-03-01,CH052,6,4,2,121.28,38.3,13.49,41.04
2025-03-01,CH053,3,3,0,87.19,29.6,10.87,43.62
2025-03-01,CH054,4,4,0,87.19,26.4,14.86,30.55
2025-03-01,CH055,4,4,0,94.09,31.9,16.61,38.61
2025-03-01,CH057,7,6,1,158.25,53.0,24.16,75.5
2025-03-01,CH059,7,6,1,145.65,44.7,25.72,59.12
2025-03-01,CH061,4,3,1,69.02,21.5,12.75,19.48
2025-03-01,CH062,7,6,1,144.31,47.9,22.29,57.67
2025-04-01,CH001,6,6,0,145.26,46.4,24.45,55.91
2025-04-01,CH002,3,3,0,58.09,19.9,10.74,21.11
2025-04-01,CH004,4,4,0,101.5,31.4,18.56,36.0
2025-04-01,CH005,4,4,0,137.66,42.7,12.73,73.31
2025-04-01,CH008,10,9,1,183.16,61.2,37.44,84.37
2025-04-01,CH009,11,10,1,201.17,59.1,46.13,107.7
2025-04-01,CH010,4,4,0,108.29,34.2,18.7,42.06
2025-04-01,CH011,4,3,1,61.82,21.9,9.44,21.0
2025-04-01,CH012,4,4,0,82.47,25.9,18.23,35.56
2025-04-01,CH013,1,1,0,43.62,15.5,6.91,9.94
2025-04-01,CH014,10,9,1,219.27,70.3,34.58,106.58
2025-04-01,CH015,4,4,0,102.92,32.2,17.76,47.86
2025-04-01,CH017,6,4,2,148.71,41.7,16.21,48.43
2025-04-01,CH019,9,7,2,165.6,49.6,27.48,102.61
2025-04-01,CH021,6,4,2,95.07,29.5,15.82,42.96
2025-04-01,CH022,6,6,0,95.91,27.9,25.99,59.47
2025-04-01,CH023,10,9,1,205.98,62.3,31.03,73.29
2025-04-01,CH024,3,3,0,74.44,22.7,12.04,37.02
2025-04-01,CH025,7,6,1,122.34,40.6,25.71,56.94
2025-04-01,CH026,4,4,0,104.46,33.8,19.96,47.17
2025-04-01,CH027,3,3,0,55.89,18.4,11.52,14.41
2025-04-01,CH028,7,6,1,122.94,39.5,22.68,48.2
2025-04-01,CH029,6,4,2,79.34,23.2,21.46,35.88
2025-04-01,CH030,11,10,1,195.25,62.8,46.71,77.29
2025-04-01,CH031,6,4,2,84.36,27.7,13.63,29.22
2025-04-01,CH032,7,6,1,133.26,43.3,21.8,52.37
2025-04-01,CH033,10,9,1,166.76,49.2,34.08,103.39
2025-04-01,CH034,3,3,0,50.29,16.8,12.84,15.66
2025-04-01,CH035,4,4,0,92.92,28.9,18.43,36.44
2025-04-01,CH036,10,9,1,228.93,77.3,38.6,96.71
2025-04-01,CH038,11,10,1,215.17,67.8,41.09,92.22
2025-04-01,CH039,7,6,1,133.67,44.6,25.04,57.14
2025-04-01,CH042,13,11,2,247.87,74.2,39.72,153.68
2025-04-01,CH044,4,4,0,104.18,32.9,17.09,54.61
2025-04-01,CH045,7,6,1,95.34,28.4,20.74,27.68
2025-04-01,CH046,13,11,2,271.24,73.8,54.06,77.38
2025-04-01,CH047,4,3,1,75.78,27.9,11.28,24.41
2025-04-01,CH048,15,14,1,190.63,57.2,57.45,91.51
2025-04-01,CH050,4,4,0,98.19,27.2,14.74,37.68
2025-04-01,CH051,9,7,2,160.68,47.6,23.44,97.57
2025-04-01,CH052,7,6,1,159.47,50.2,18.24,53.3
2025-04-01,CH053,11,10,1,202.32,65.7,35.54,104.28
2025-04-01,CH054,7,6,1,144.6,45.3,22.35,51.44
2025-04-01,CH055,3,3,0,89.84,31.2,10.9,30.88
2025-04-01,CH057,10,9,1,255.29,85.1,35.44,112.0
2025-04-01,CH058,1,1,0,28.03,10.0,5.97,9.69
2025-04-01,CH059,1,1,0,35.63,10.9,6.28,12.49
2025-04-01,CH061,4,4,0,100.58,31.3,19.47,29.93
2025-04-01,CH062,10,9,1,249.73,83.4,32.71,100.27
2025-05-01,CH001,3,3,0,69.36,21.9,12.5,30.92
2025-05-01,CH002,1,1,0,39.31,13.8,5.78,16.59
2025-05-01,CH004,3,3,0,97.27,31.0,12.59,38.69
2025-05-01,CH005,10,9,1,296.53,91.2,25.52,166.72
2025-05-01,CH006,1,1,0,33.21,10.1,5.51,12.4
2025-05-01,CH008,1,1,0,34.77,11.6,5.85,15.49
2025-05-01,CH009,6,4,2,79.64,23.7,19.06,49.38
2025-05-01,CH010,6,4,2,105.67,33.7,18.46,37.7
2025-05-01,CH011,6,4,2,84.97,29.6,14.69,22.79
2025-05-01,CH012,11,10,1,269.31,86.3,42.96,115.7
2025-05-01,CH013,7,6,1,139.6,49.1,28.22,59.29
2025-05-01,CH014,10,9,1,177.03,54.1,33.43,70.17
2025-05-01,CH015,1,1,0,30.75,9.5,6.3,14.68
2025-05-01,CH017,7,6,1,112.23,30.0,20.91,33.99
2025-05-01,CH019,18,15,3,395.67,119.0,57.14,234.41
2025-05-01,CH021,6,6,0,109.24,34.6,22.08,54.78
2025-05-01,CH022,7,6,1,141.42,42.9,26.82,85.54
2025-05-01,CH023,7,6,1,144.74,44.5,19.17,50.7
2025-05-01,CH024,6,4,2,113.16,34.1,17.84,70.16
2025-05-01,CH025,7,6,1,157.96,53.6,25.84,44.5
2025-05-01,CH026,15,14,1,308.45,98.9,58.59,134.27
2025-05-01,CH027,1,1,0,26.81,8.9,5.91,10.1
2025-05-01,CH028,11,10,1,189.7,59.4,40.42,58.77
2025-05-01,CH029,1,1,0,38.83,11.9,6.96,20.52
2025-05-01,CH030,7,7,0,163.15,54.0,32.32,60.84
2025-05-01,CH031,4,4,0,77.57,24.8,13.35,29.58
2025-05-01,CH032,7,6,1,186.94,61.1,20.46,74.12
2025-05-01,CH033,15,14,1,262.31,77.6,53.29,139.02
2025-05-01,CH034,3,3,0,62.73,21.6,12.97,16.3
2025-05-01,CH035,7,6,1,132.35,41.4,23.81,58.81
2025-05-01,CH036,9,7,2,141.42,46.3,31.91,65.53
2025-05-01,CH037,3,3,0,74.68,23.0,12.98,22.99
2025-05-01,CH038,7,6,1,146.08,47.9,23.45,40.81
2025-05-01,CH039,9,7,2,113.01,36.8,30.54,52.4
2025-05-01,CH042,17,14,3,341.03,104.2,41.91,210.96
2025-05-01,CH044,3,3,0,68.62,21.7,10.89,31.72
2025-05-01,CH045,6,4,2,104.93,32.0,15.7,32.79
2025-05-01,CH046,10,9,1,132.89,35.3,40.04,51.29
2025-05-01,CH047,3,1,2,31.37,11.4,5.55,11.74
2025-05-01,CH048,9,7,2,213.08,67.1,32.26,110.72
2025-05-01,CH050,3,3,0,86.82,24.0,9.29,34.87
2025-05-01,CH051,17,14,3,342.49,104.4,41.81,183.72
2025-05-01,CH052,9,7,2,194.27,60.2,22.76,61.02
2025-05-01,CH053,15,14,1,351.37,118.5,46.74,168.2
2025-05-01,CH054,3,3,0,60.76,19.0,11.24,17.58
2025-05-01,CH055,4,4,0,99.34,33.7,16.75,35.36
2025-05-01,CH057,7,6,1,151.48,50.8,23.93,93.6
2025-05-01,CH059,3,3,0,77.63,24.2,12.78,32.68
2025-05-01,CH060,1,1,0,38.18,10.7,5.88,12.39
2025-05-01,CH061,6,6,0,82.88,24.5,26.4,26.46
2025-05-01,CH062,13,11,2,210.96,69.3,43.65,101.97
2025-06-01,CH001,6,4,2,109.03,34.4,18.53,43.53
2025-06-01,CH002,3,3,0,54.19,18.4,10.47,22.54
2025-06-01,CH004,9,7,2,192.06,60.2,30.6,70.83
2025-06-01,CH005,11,10,1,153.99,44.1,31.86,79.81
2025-06-01,CH008,11,10,1,283.38,96.0,40.46,104.0
2025-06-01,CH009,7,6,1,158.83,48.7,25.94,85.77
2025-06-01,CH010,7,6,1,143.17,44.8,25.31,66.86
2025-06-01,CH011,9,7,2,95.27,32.8,24.28,30.22
2025-06-01,CH012,4,4,0,113.05,36.3,18.29,53.1
2025-06-01,CH013,13,11,2,230.91,79.7,55.86,99.67
2025-06-01,CH014,7,6,1,162.0,52.1,22.56,79.02
2025-06-01,CH015,4,4,0,130.55,41.5,17.15,67.13
2025-06-01,CH017,7,6,1,154.42,42.9,21.27,55.55
2025-06-01,CH019,10,9,1,189.14,55.9,34.62,103.33
2025-06-01,CH021,11,10,1,251.08,80.5,38.41,119.77
2025-06-01,CH022,11,10,1,255.0,76.0,48.58,151.56
2025-06-01,CH023,4,3,1,73.38,22.8,10.04,28.54
2025-06-01,CH025,7,6,1,147.74,49.8,24.63,64.31
2025-06-01,CH026,11,10,1,159.56,49.4,45.26,55.97
2025-06-01,CH027,6,4,2,121.66,42.1,18.08,51.32
2025-06-01,CH028,9,7,2,185.76,60.3,27.58,63.15
2025-06-01,CH029,6,6,0,136.69,41.3,28.62,84.75
2025-06-01,CH030,9,7,2,161.31,54.1,31.57,70.91
2025-06-01,CH031,7,7,0,166.36,53.9,21.41,66.87
2025-06-01,CH032,15,12,3,232.86,73.6,42.01,93.7
2025-06-01,CH033,18,16,2,450.09,136.2,63.53,241.93
2025-06-01,CH034,4,4,0,88.4,30.3,19.26,33.63
2025-06-01,CH035,9,7,2,203.92,65.1,28.56,91.81
2025-06-01,CH036,10,9,1,203.09,66.8,38.93,100.79
2025-06-01,CH037,4,3,1,60.19,18.4,12.49,19.8
2025-06-01,CH038,9,7,2,132.86,41.7,30.59,50.16
2025-06-01,CH039,9,7,2,193.82,64.6,30.78,76.17
2025-06-01,CH042,14,13,1,384.52,117.2,45.13,192.09
2025-06-01,CH044,3,3,0,69.94,21.9,11.73,32.26
2025-06-01,CH045,3,3,0,56.07,16.6,9.79,23.28
2025-06-01,CH046,10,9,1,266.48,75.1,38.91,107.34
2025-06-01,CH047,6,4,2,84.65,30.4,16.76,25.87
2025-06-01,CH048,7,6,1,125.6,39.0,25.36,71.73
2025-06-01,CH050,4,4,0,120.25,33.5,14.7,45.89
2025-06-01,CH051,11,10,1,223.67,67.2,32.28,132.63
2025-06-01,CH052,6,4,2,105.6,32.7,13.91,32.79
2025-06-01,CH053,4,4,0,78.49,24.9,15.72,37.42
2025-06-01,CH054,14,11,3,299.26,93.3,44.88,118.04
2025-06-01,CH055,3,3,0,61.74,20.6,11.42,26.39
2025-06-01,CH057,9,7,2,175.63,58.4,29.35,87.31
2025-06-01,CH058,1,1,0,34.37,12.6,5.94,12.07
2025-06-01,CH059,7,7,0,154.04,47.4,31.08,42.38
2025-06-01,CH061,7,6,1,171.65,54.6,25.84,59.39
2025-07-01,CH001,6,6,0,97.18,29.9,25.26,40.1
2025-07-01,CH002,3,3,0,63.97,22.0,10.76,24.09
2025-07-01,CH004,10,9,1,109.55,31.8,37.19,39.37
2025-07-01,CH005,10,9,1,194.46,58.9,27.3,120.57
2025-07-01,CH008,11,10,1,176.08,56.1,43.88,81.36
2025-07-01,CH009,17,14,3,265.11,78.3,60.02,164.37
2025-07-01,CH010,4,3,1,71.34,22.8,12.36,31.67
2025-07-01,CH012,11,10,1,303.56,97.2,43.67,123.29
2025-07-01,CH013,4,4,0,59.11,19.5,21.15,18.92
2025-07-01,CH014,14,13,1,328.94,102.7,46.27,134.3
2025-07-01,CH015,7,6,1,156.12,49.0,23.27,68.96
2025-07-01,CH017,7,6,1,141.06,38.8,20.82,34.28
2025-07-01,CH019,22,20,2,340.67,99.7,71.36,204.54
2025-07-01,CH021,7,6,1,86.18,25.8,22.67,36.96
2025-07-01,CH022,7,6,1,137.35,41.6,26.49,85.16
2025-07-01,CH023,14,13,1,337.33,105.8,42.48,130.04
2025-07-01,CH024,3,3,0,74.38,22.6,11.84,41.71
2025-07-01,CH025,10,9,1,198.53,66.9,37.02,86.48
2025-07-01,CH026,11,10,1,187.64,59.7,44.53,65.6
2025-07-01,CH027,10,9,1,198.4,66.9,33.81,75.52
2025-07-01,CH028,11,10,1,240.0,79.0,39.96,93.03
2025-07-01,CH029,10,9,1,250.98,77.4,41.23,153.15
2025-07-01,CH030,17,14,3,273.13,91.1,56.78,94.32
2025-07-01,CH031,1,1,0,25.7,8.3,4.43,11.21
2025-07-01,CH032,10,9,1,141.98,44.5,32.13,56.46
2025-07-01,CH033,4,4,0,116.22,35.6,17.0,72.06
2025-07-01,CH034,1,1,0,27.72,9.4,6.55,8.33
2025-07-01,CH035,10,9,1,159.65,49.7,34.44,70.13
2025-07-01,CH036,11,10,1,213.03,70.9,45.25,101.59
2025-07-01,CH037,1,1,0,30.76,9.5,6.58,9.01
2025-07-01,CH038,9,7,2,146.88,47.3,29.33,68.88
2025-07-01,CH039,17,15,2,344.27,115.6,58.96,119.9
2025-07-01,CH042,13,10,3,287.06,87.6,34.78,168.38
2025-07-01,CH044,3,3,0,55.46,17.2,11.01,21.82
2025-07-01,CH045,10,9,1,201.87,61.9,30.85,54.68
2025-07-01,CH046,9,7,2,152.9,42.0,31.96,52.86
2025-07-01,CH047,3,1,2,19.55,6.6,5.67,5.95
2025-07-01,CH048,4,4,0,87.6,27.3,20.01,37.55
2025-07-01,CH050,7,6,1,140.34,39.0,18.9,61.07
2025-07-01,CH051,14,13,1,266.59,79.9,42.48,165.28
2025-07-01,CH052,7,6,1,111.38,32.8,19.01,47.11
2025-07-01,CH053,14,13,1,294.6,97.8,51.01,141.47
2025-07-01,CH054,7,6,1,112.53,34.1,21.02,35.69
2025-07-01,CH055,6,4,2,92.58,31.1,16.86,39.09
2025-07-01,CH057,11,10,1,209.26,67.7,42.88,100.55
2025-07-01,CH058,3,3,0,87.54,32.1,11.44,31.26
2025-07-01,CH059,10,9,1,215.92,66.3,35.72,101.45
2025-07-01,CH061,9,7,2,159.44,49.0,33.26,59.33
2025-07-01,CH062,13,11,2,281.04,94.4,42.27,130.5
2025-08-01,CH001,11,10,1,286.94,91.1,42.87,121.95
2025-08-01,CH002,1,1,0,29.62,10.1,5.35,10.23
2025-08-01,CH004,10,9,1,204.5,63.9,36.6,77.98
2025-08-01,CH005,11,10,1,259.5,78.2,29.52,160.89
2025-08-01,CH008,3,3,0,53.69,17.7,12.38,21.64
2025-08-01,CH009,11,10,1,218.49,65.7,45.12,135.46
2025-08-01,CH010,6,4,2,98.29,30.7,19.2,43.71
2025-08-01,CH011,7,6,1,131.6,46.8,19.73,33.26
2025-08-01,CH012,10,9,1,218.17,67.9,36.55,93.56
2025-08-01,CH013,13,11,2,216.46,72.9,57.24,72.07
2025-08-01,CH014,14,11,3,216.3,65.0,44.32,95.8
2025-08-01,CH015,7,6,1,163.95,52.5,23.91,77.26
2025-08-01,CH017,4,4,0,106.57,29.5,15.49,43.21
2025-08-01,CH019,21,18,3,351.61,103.6,66.21,216.62
2025-08-01,CH021,17,15,2,239.35,72.9,57.3,96.99
2025-08-01,CH022,10,9,1,230.12,68.4,40.64,134.45
2025-08-01,CH023,17,14,3,265.92,79.9,44.68,123.35
2025-08-01,CH024,6,6,0,105.23,30.9,23.63,65.24
2025-08-01,CH025,9,7,2,175.35,58.3,31.82,77.85
2025-08-01,CH026,10,9,1,176.47,55.7,38.64,76.36
2025-08-01,CH027,7,6,1,104.16,34.7,23.9,40.42
2025-08-01,CH028,6,4,2,80.37,24.8,17.29,28.53
2025-08-01,CH029,3,3,0,56.76,17.1,14.12,34.01
2025-08-01,CH030,10,9,1,219.1,74.3,38.3,87.96
2025-08-01,CH031,4,4,0,96.56,32.1,14.34,38.96
2025-08-01,CH032,18,15,3,356.57,115.6,51.51,150.86
2025-08-01,CH033,10,9,1,325.63,100.7,33.51,201.89
2025-08-01,CH034,1,1,0,33.36,11.5,6.66,9.56
2025-08-01,CH035,9,7,2,129.06,40.1,30.37,61.96
2025-08-01,CH036,4,4,0,88.4,28.4,19.06,43.53
2025-08-01,CH037,4,3,1,46.48,13.7,12.64,17.17
2025-08-01,CH038,11,10,1,298.92,99.2,42.02,132.76
2025-08-01,CH039,9,7,2,218.57,75.9,29.25,81.93
2025-08-01,CH040,1,1,0,33.59,10.4,5.89,13.88
2025-08-01,CH042,10,9,1,156.02,45.9,31.23,96.73
2025-08-01,CH044,6,4,2,114.18,36.5,16.99,42.41
2025-08-01,CH045,10,9,1,196.75,60.6,29.57,81.33
2025-08-01,CH046,9,7,2,199.03,55.4,33.76,76.11
2025-08-01,CH047,6,4,2,88.26,31.5,17.34,25.61
2025-08-01,CH048,13,10,3,243.04,76.9,44.57,98.0
2025-08-01,CH050,4,4,0,110.61,30.5,14.11,47.97
2025-08-01,CH051,11,10,1,246.45,74.9,32.8,135.78
2025-08-01,CH052,6,4,2,114.56,36.0,13.87,42.86
2025-08-01,CH053,14,13,1,355.13,118.8,47.33,174.43
2025-08-01,CH054,3,3,0,79.92,25.2,10.45,32.07
2025-08-01,CH055,10,9,1,183.82,61.3,33.75,72.42
2025-08-01,CH057,11,10,1,221.67,72.9,41.56,103.44
2025-08-01,CH058,3,1,2,30.97,11.2,5.73,9.77
2025-08-01,CH059,9,7,2,167.98,51.5,30.62,61.61
2025-08-01,CH060,1,1,0,43.0,12.1,5.56,11.43
2025-08-01,CH061,6,6,0,142.89,44.8,25.64,50.78
2025-08-01,CH062,17,14,3,235.23,73.8,48.99,92.64
2025-09-01,CH001,3,3,0,93.78,30.4,12.21,39.82
2025-09-01,CH004,7,6,1,109.8,32.7,24.91,31.73
2025-09-01,CH005,10,9,1,244.67,74.5,26.39,137.24
2025-09-01,CH008,7,6,1,146.39,48.5,24.79,51.25
2025-09-01,CH009,6,4,2,131.01,40.0,19.63,78.87
2025-09-01,CH010,9,7,2,146.37,45.6,30.1,57.49
2025-09-01,CH011,4,4,0,115.73,41.8,14.64,38.97
2025-09-01,CH012,4,4,0,77.05,23.9,18.12,28.67
2025-09-01,CH013,4,4,0,92.24,32.5,20.73,29.42
2025-09-01,CH014,14,13,1,381.15,122.9,50.74,157.05
2025-09-01,CH015,6,4,2,125.66,40.6,18.18,50.93
2025-09-01,CH017,1,1,0,35.9,9.9,5.35,8.35
2025-09-01,CH019,6,4,2,81.57,24.1,17.03,50.29
2025-09-01,CH021,7,6,1,92.84,28.0,22.29,41.39
2025-09-01,CH022,9,7,2,158.21,47.0,33.88,98.09
2025-09-01,CH023,4,4,0,118.55,36.6,15.04,38.44
2025-09-01,CH024,6,4,2,93.94,28.0,18.28,54.66
2025-09-01,CH025,7,6,1,128.53,42.5,25.14,50.52
2025-09-01,CH026,14,11,3,268.02,86.0,54.75,118.39
2025-09-01,CH027,3,3,0,44.28,14.2,11.72,15.98
2025-09-01,CH028,9,7,2,244.19,80.8,26.77,89.14
2025-09-01,CH029,7,6,1,108.1,30.9,28.4,67.02
2025-09-01,CH030,10,9,1,198.89,65.8,39.63,83.57
2025-09-01,CH031,7,6,1,166.64,56.4,18.27,70.39
2025-09-01,CH032,13,11,2,253.42,81.8,40.66,86.35
2025-09-01,CH033,7,6,1,198.83,61.5,22.73,119.31
2025-09-01,CH034,3,3,0,58.95,20.5,13.48,19.63
2025-09-01,CH035,9,7,2,199.4,63.8,29.96,84.1
2025-09-01,CH036,3,3,0,63.62,20.9,13.02,22.92
2025-09-01,CH037,3,3,0,71.37,22.1,13.24,21.83
2025-09-01,CH038,6,4,2,84.49,26.5,17.05,34.37
2025-09-01,CH039,13,11,2,258.27,87.5,49.01,94.8
2025-09-01,CH042,4,3,1,64.28,19.3,9.36,38.13
2025-09-01,CH044,4,4,0,90.03,28.5,17.22,38.35
2025-09-01,CH045,9,7,2,139.6,42.3,25.34,49.22
2025-09-01,CH046,10,9,1,171.1,46.3,38.75,81.71
2025-09-01,CH047,4,3,1,59.5,21.2,11.46,16.29
2025-09-01,CH048,4,4,0,138.31,44.8,19.59,61.32
2025-09-01,CH051,9,7,2,158.51,47.3,23.63,98.28
2025-09-01,CH052,6,4,2,113.32,35.7,13.97,36.26
2025-09-01,CH053,11,10,1,207.38,68.8,35.62,99.48
2025-09-01,CH054,7,6,1,125.17,38.4,21.95,46.1
2025-09-01,CH055,3,3,0,56.65,18.7,11.5,23.63
2025-09-01,CH057,6,4,2,82.18,26.3,18.22,33.99
2025-09-01,CH058,1,1,0,26.3,9.0,6.01,11.23
2025-09-01,CH059,6,6,0,117.94,35.5,24.78,41.66
2025-09-01,CH061,9,7,2,144.13,43.9,32.91,46.4
2025-09-01,CH062,10,9,1,153.11,48.1,32.46,73.83
2025-10-01,CH001,6,4,2,125.92,40.7,17.37,61.33
2025-10-01,CH002,3,3,0,67.95,23.3,10.33,27.4
2025-10-01,CH004,3,3,0,77.03,24.0,12.88,32.3
2025-10-01,CH005,13,10,3,234.94,71.3,30.99,145.66
2025-10-01,CH008,3,3,0,54.86,17.9,11.99,21.75
2025-10-01,CH009,14,11,3,344.68,106.4,53.05,213.7
2025-10-01,CH010,3,3,0,56.52,17.4,12.05,26.77
2025-10-01,CH011,10,9,1,183.02,65.8,27.0,53.88
2025-10-01,CH012,9,7,2,202.4,64.4,32.47,90.33
2025-10-01,CH013,3,3,0,58.3,19.9,13.73,15.46
2025-10-01,CH014,11,10,1,217.83,69.0,37.44,89.91
2025-10-01,CH015,6,6,0,128.45,40.1,24.64,57.65
2025-10-01,CH017,1,1,0,26.63,7.2,5.17,10.16
2025-10-01,CH019,14,11,3,252.71,76.7,46.41,148.5
2025-10-01,CH021,9,7,2,155.41,48.6,27.97,70.09
2025-10-01,CH022,4,3,1,60.87,18.2,14.04,37.74
2025-10-01,CH023,6,4,2,84.13,25.6,14.15,26.51
2025-10-01,CH024,7,6,1,157.91,48.2,25.08,97.9
2025-10-01,CH025,4,4,0,130.2,44.7,18.99,53.35
2025-10-01,CH026,10,9,1,197.42,62.6,39.57,93.27
2025-10-01,CH028,3,3,0,63.42,20.3,11.22,28.72
2025-10-01,CH029,6,6,0,162.37,49.4,28.62,98.21
2025-10-01,CH030,6,6,0,107.66,36.2,25.78,40.75
2025-10-01,CH031,3,3,0,97.47,33.0,9.54,44.29
2025-10-01,CH032,7,6,1,122.17,39.0,20.92,42.46
2025-10-01,CH033,9,7,2,164.46,48.9,28.34,101.97
2025-10-01,CH035,7,6,1,129.63,41.1,23.13,52.15
2025-10-01,CH036,10,9,1,182.07,58.9,38.14,86.05
2025-10-01,CH037,1,1,0,39.1,12.4,6.62,13.68
2025-10-01,CH038,6,4,2,90.29,29.4,17.53,35.92
2025-10-01,CH039,3,3,0,67.92,22.8,12.15,21.39
2025-10-01,CH042,6,4,2,90.29,27.3,13.97,50.93
2025-10-01,CH044,4,4,0,58.06,16.7,16.91,24.1
2025-10-01,CH045,9,7,2,183.16,57.6,25.97,73.44
2025-10-01,CH046,9,7,2,203.1,56.4,33.0,76.46
2025-10-01,CH048,7,6,1,143.12,44.8,25.2,74.69
2025-10-01,CH050,4,4,0,92.46,24.7,14.58,25.17
2025-10-01,CH051,11,10,1,254.59,77.1,34.19,140.11
2025-10-01,CH052,4,4,0,103.91,32.2,13.95,39.75
2025-10-01,CH053,6,4,2,97.3,31.5,15.64,51.41
2025-10-01,CH054,6,4,2,116.91,37.0,15.99,36.4
2025-10-01,CH055,4,4,0,79.49,25.8,17.5,32.42
2025-10-01,CH057,7,7,0,101.55,32.4,29.63,42.51
2025-10-01,CH059,11,10,1,252.1,77.8,44.85,95.67
2025-10-01,CH062,17,15,2,319.69,103.6,52.04,158.99
2025-11-01,CH002,1,1,0,25.52,8.5,5.44,9.43
2025-11-01,CH004,4,4,0,119.04,37.4,18.75,26.45
2025-11-01,CH005,9,7,2,142.36,41.9,21.26,88.26
2025-11-01,CH008,3,3,0,68.85,23.0,12.43,30.67
2025-11-01,CH009,9,7,2,147.43,44.0,31.82,91.41
2025-11-01,CH010,1,1,0,33.17,10.5,6.27,15.96
2025-11-01,CH011,6,4,2,147.13,54.1,14.52,45.11
2025-11-01,CH012,7,6,1,113.47,35.5,24.31,54.46
2025-11-01,CH013,13,11,2,295.05,102.9,56.41,110.88
2025-11-01,CH014,11,10,1,216.67,68.2,37.82,82.12
2025-11-01,CH015,7,6,1,121.5,37.9,24.81,53.35
2025-11-01,CH017,6,4,2,119.16,32.9,14.74,45.69
2025-11-01,CH019,11,9,2,210.37,63.2,35.09,130.43
2025-11-01,CH021,10,10,0,191.84,58.6,39.19,90.2
2025-11-01,CH022,4,4,0,116.42,35.2,20.54,67.36
2025-11-01,CH023,7,6,1,166.87,51.6,19.88,67.33
2025-11-01,CH024,4,4,0,102.89,31.0,17.79,63.42
2025-11-01,CH025,7,6,1,122.92,41.4,24.29,44.35
2025-11-01,CH026,9,7,2,202.24,65.8,32.01,87.28
2025-11-01,CH027,1,1,0,30.65,10.2,6.08,12.03
2025-11-01,CH028,6,4,2,83.2,26.1,17.19,35.36
2025-11-01,CH029,4,4,0,133.38,41.1,21.14,75.35
2025-11-01,CH030,1,1,0,34.41,11.6,6.58,13.9
2025-11-01,CH031,3,3,0,64.95,22.0,9.59,27.82
2025-11-01,CH032,9,7,2,126.76,40.0,26.55,52.24
2025-11-01,CH033,6,4,2,102.25,30.5,17.85,59.06
2025-11-01,CH034,4,4,0,113.99,40.5,18.14,39.69
2025-11-01,CH035,6,4,2,108.83,34.7,17.83,54.69
2025-11-01,CH036,1,1,0,32.45,10.7,6.11,17.0
2025-11-01,CH037,3,3,0,51.66,15.9,12.74,16.13
2025-11-01,CH038,4,4,0,79.18,24.7,17.95,37.18
2025-11-01,CH039,7,6,1,141.07,46.5,24.02,63.59
2025-11-01,CH040,1,1,0,32.34,9.9,6.19,12.21
2025-11-01,CH042,9,7,2,137.22,40.8,24.33,85.02
2025-11-01,CH044,6,4,2,88.96,28.1,16.77,41.28
2025-11-01,CH045,9,7,2,188.13,58.1,24.16,53.39
2025-11-01,CH046,4,3,1,65.84,18.1,12.34,18.99
2025-11-01,CH047,4,3,1,51.97,18.2,11.2,17.82
2025-11-01,CH048,9,7,2,120.52,36.8,32.62,54.87
2025-11-01,CH050,1,1,0,35.94,9.9,4.66,12.57
2025-11-01,CH051,13,11,2,268.36,81.5,36.68,154.93
2025-11-01,CH052,4,3,1,94.19,29.8,9.49,35.8
2025-11-01,CH053,4,4,0,109.92,37.0,16.26,54.41
2025-11-01,CH054,3,3,0,59.39,18.1,10.66,15.45
2025-11-01,CH055,4,4,0,90.92,30.2,16.49,35.97
2025-11-01,CH057,7,6,1,134.43,44.2,23.65,72.72
2025-11-01,CH059,6,6,0,110.75,34.0,25.31,39.47
2025-11-01,CH061,1,1,0,27.48,8.3,6.59,8.76
2025-11-01,CH062,7,6,1,134.65,44.8,20.69,60.6
2025-12-01,CH001,11,10,1,213.89,67.0,43.0,104.22
2025-12-01,CH002,3,3,0,58.42,20.2,11.16,16.94
2025-12-01,CH004,9,7,2,215.9,67.9,31.58,81.44
2025-12-01,CH005,13,11,2,281.11,85.8,35.18,174.29
2025-12-01,CH008,10,9,1,206.46,69.3,35.17,81.51
2025-12-01,CH009,6,4,2,78.24,22.9,19.33,48.51
2025-12-01,CH010,6,6,0,116.83,36.7,25.83,46.64
2025-12-01,CH011,7,6,1,106.19,37.2,19.27,35.75
2025-12-01,CH012,10,9,1,218.65,68.7,37.07,92.85
2025-12-01,CH013,7,6,1,133.21,45.8,27.26,43.47
2025-12-01,CH014,13,11,2,300.29,95.4,39.66,134.36
2025-12-01,CH015,6,4,2,83.51,25.6,17.63,41.0
2025-12-01,CH017,4,4,0,108.21,29.4,15.39,33.16
2025-12-01,CH018,1,1,0,23.41,6.8,4.24,14.51
2025-12-01,CH019,17,15,2,419.01,125.8,53.77,259.79
2025-12-01,CH021,1,1,0,30.37,9.4,5.57,12.88
2025-12-01,CH022,11,10,1,285.02,86.8,44.81,176.71
2025-12-01,CH023,6,4,2,135.16,42.4,14.8,47.13
2025-12-01,CH024,4,3,1,50.74,14.7,11.74,30.14
2025-12-01,CH025,10,9,1,199.22,66.0,39.67,90.35
2025-12-01,CH026,14,13,1,304.75,97.8,59.08,130.93
2025-12-01,CH027,4,4,0,114.62,39.7,17.58,45.81
2025-12-01,CH028,7,6,1,90.89,27.5,22.98,43.58
2025-12-01,CH029,6,4,2,107.14,32.4,20.73,66.43
2025-12-01,CH030,4,4,0,100.18,34.0,20.01,28.57
2025-12-01,CH031,6,4,2,102.17,33.8,14.63,39.67
2025-12-01,CH032,14,11,3,287.13,93.4,43.61,90.28
2025-12-01,CH033,6,6,0,157.81,48.3,22.75,92.86
2025-12-01,CH034,1,1,0,22.85,7.8,6.51,7.13
2025-12-01,CH035,6,4,2,104.34,32.9,17.21,44.86
2025-12-01,CH036,17,14,3,305.29,101.2,56.32,119.62
2025-12-01,CH037,1,1,0,42.89,13.5,6.28,16.13
2025-12-01,CH038,6,4,2,61.47,18.9,18.19,21.45
2025-12-01,CH039,7,6,1,118.33,39.4,23.91,50.36
2025-12-01,CH042,10,9,1,200.26,59.1,29.38,124.16
2025-12-01,CH044,6,4,2,108.12,34.6,16.46,38.98
2025-12-01,CH045,9,7,2,130.31,39.5,26.19,49.58
2025-12-01,CH046,10,9,1,246.39,67.7,38.39,78.57
2025-12-01,CH047,7,6,1,105.15,37.1,23.34,35.69
2025-12-01,CH048,1,1,0,34.64,10.9,6.26,15.2
2025-12-01,CH049,1,1,0,37.08,11.2,5.93,22.32
2025-12-01,CH050,4,4,0,127.28,36.0,14.88,36.94
2025-12-01,CH051,17,14,3,256.15,75.5,41.5,158.81
2025-12-01,CH052,9,7,2,155.85,47.8,23.52,53.13
2025-12-01,CH053,6,6,0,115.82,38.4,21.12,64.89
2025-12-01,CH054,6,4,2,86.63,26.7,16.32,20.31
2025-12-01,CH055,7,7,0,118.24,37.8,28.19,44.64
2025-12-01,CH056,1,1,0,32.29,10.7,5.87,15.0
2025-12-01,CH057,4,4,0,97.99,32.6,16.59,49.41
2025-12-01,CH058,1,1,0,33.59,12.2,5.83,11.19
2025-12-01,CH059,10,9,1,201.73,62.9,35.59,75.45
2025-12-01,CH061,6,4,2,112.94,34.8,20.17,35.9
2025-12-01,CH062,13,11,2,266.34,87.2,44.25,122.83
2026-01-01,CH001,6,5,1,72.2,22.9,19.83,32.2
2026-01-01,CH003,2,2,0,52.69,17.2,8.09,22.16
2026-01-01,CH004,5,4,1,85.24,27.9,15.18,35.28
2026-01-01,CH005,11,9,2,240.86,76.2,28.81,149.33
2026-01-01,CH007,11,8,3,146.76,51.3,35.71,66.25
2026-01-01,CH008,8,7,1,215.87,77.2,28.08,103.55
2026-01-01,CH009,8,7,1,140.24,44.0,31.52,85.18
2026-01-01,CH010,4,4,0,61.53,20.2,15.48,28.53
2026-01-01,CH011,4,2,2,51.5,19.1,7.7,18.45
2026-01-01,CH012,6,5,1,91.24,29.3,20.08,43.49
2026-01-01,CH013,6,6,0,90.63,31.5,28.58,33.63
2026-01-01,CH014,8,7,1,172.84,56.9,27.09,70.89
2026-01-01,CH015,9,8,1,217.4,72.5,33.28,96.83
2026-01-01,CH016,5,4,1,82.44,27.6,14.18,32.49
2026-01-01,CH017,4,4,0,105.12,30.7,13.03,40.7
2026-01-01,CH018,11,9,2,208.43,65.4,28.27,129.22
2026-01-01,CH019,5,4,1,110.81,35.6,14.15,68.7
2026-01-01,CH020,5,4,1,60.7,20.7,10.24,34.77
2026-01-01,CH021,5,4,1,97.7,31.9,13.83,48.92
2026-01-01,CH022,4,4,0,83.45,26.1,16.85,51.74
2026-01-01,CH023,5,5,0,88.0,27.6,16.2,37.62
2026-01-01,CH024,7,6,1,162.14,51.2,25.07,94.38
2026-01-01,CH025,5,4,1,56.01,18.8,15.51,20.91
2026-01-01,CH026,6,5,1,78.71,26.1,21.24,37.57
2026-01-01,CH027,4,4,0,88.19,31.2,14.24,42.37
2026-01-01,CH028,7,6,1,101.29,32.7,24.05,42.46
2026-01-01,CH029,2,2,0,66.46,20.8,11.59,41.21
2026-01-01,CH030,7,6,1,96.79,33.3,26.66,41.09
2026-01-01,CH031,6,6,0,111.8,38.2,17.96,51.54
2026-01-01,CH032,8,7,1,162.83,54.3,25.06,86.19
2026-01-01,CH033,6,5,1,84.84,27.0,18.96,52.6
2026-01-01,CH034,1,1,0,22.89,8.1,5.32,7.91
2026-01-01,CH035,2,2,0,68.16,22.9,9.7,38.11
2026-01-01,CH036,9,8,1,220.54,77.0,36.29,105.51
2026-01-01,CH038,5,4,1,72.53,24.0,14.07,32.98
2026-01-01,CH039,8,7,1,183.17,65.5,29.53,93.43
2026-01-01,CH040,4,4,0,86.81,28.1,14.86,37.14
2026-01-01,CH041,6,6,0,121.09,40.3,24.67,48.62
2026-01-01,CH042,6,5,1,119.81,38.1,15.67,71.2
2026-01-01,CH043,12,11,1,332.65,105.8,34.16,206.25
2026-01-01,CH044,5,4,1,62.24,19.9,13.69,26.59
2026-01-01,CH045,4,4,0,100.16,32.5,12.36,37.51
2026-01-01,CH046,5,4,1,84.95,24.5,15.7,33.86
2026-01-01,CH047,1,1,0,22.53,8.3,4.65,11.72
2026-01-01,CH048,5,5,0,106.86,34.5,21.61,51.38
2026-01-01,CH049,8,7,1,135.63,41.5,30.32,84.09
2026-01-01,CH050,4,4,0,86.41,24.9,11.92,28.44
2026-01-01,CH051,7,6,1,111.94,34.0,18.96,69.4
2026-01-01,CH052,1,1,0,26.79,8.7,3.96,11.05
2026-01-01,CH053,6,5,1,112.87,39.3,16.9,57.66
2026-01-01,CH054,6,5,1,105.82,34.0,17.84,43.11
2026-01-01,CH055,1,1,0,25.61,8.9,4.65,10.74
2026-01-01,CH056,8,7,1,171.72,59.0,31.48,84.69
2026-01-01,CH057,4,4,0,84.28,29.3,14.66,47.5
2026-01-01,CH058,1,1,0,18.9,6.8,5.0,7.41
2026-01-01,CH059,7,6,1,156.25,50.6,24.99,58.75
2026-01-01,CH060,5,4,1,103.32,30.0,14.6,42.0
2026-01-01,CH061,4,4,0,76.65,24.6,15.95,23.12
2026-01-01,CH062,7,6,1,113.92,38.6,22.48,58.53
2026-02-01,CH001,6,5,1,103.39,33.4,20.14,55.09
2026-02-01,CH002,1,1,0,23.78,8.4,4.47,10.82
2026-02-01,CH003,4,4,0,69.11,22.6,11.88,31.0
2026-02-01,CH004,4,4,0,99.23,32.1,15.2,33.07
2026-02-01,CH005,6,5,1,100.45,31.4,14.97,62.28
2026-02-01,CH006,5,4,1,73.98,23.4,13.77,32.52
2026-02-01,CH007,8,7,1,94.23,31.9,30.59,46.54
2026-02-01,CH008,5,4,1,82.09,28.6,14.62,35.47
2026-02-01,CH009,5,4,1,92.69,29.2,15.51,57.47
2026-02-01,CH010,2,2,0,58.06,19.0,10.14,30.49
2026-02-01,CH011,2,2,0,54.1,20.2,7.94,23.4
2026-02-01,CH012,4,4,0,83.73,27.6,15.12,36.54
2026-02-01,CH013,2,2,0,63.86,23.5,11.64,20.53
2026-02-01,CH014,11,9,2,190.92,62.0,35.59,97.75
2026-02-01,CH015,5,5,0,108.96,35.6,18.83,38.62
2026-02-01,CH016,2,2,0,47.56,15.3,9.98,22.74
2026-02-01,CH017,2,2,0,38.37,10.4,8.4,13.34
2026-02-01,CH018,8,7,1,133.41,41.8,20.85,82.72
2026-02-01,CH019,7,6,1,215.04,68.9,22.77,133.32
2026-02-01,CH020,5,5,0,124.68,43.1,14.73,60.41
2026-02-01,CH021,13,12,1,218.03,69.0,46.92,107.56
2026-02-01,CH022,6,6,0,152.14,48.2,26.72,89.41
2026-02-01,CH023,4,2,2,61.36,19.9,8.26,23.87
2026-02-01,CH024,2,2,0,66.63,21.2,10.04,41.31
2026-02-01,CH025,5,5,0,92.65,31.8,21.24,40.95
2026-02-01,CH026,5,5,0,86.18,28.8,20.23,42.47
2026-02-01,CH027,2,2,0,49.52,17.3,9.7,17.68
2026-02-01,CH028,4,4,0,82.98,27.8,13.83,33.21
2026-02-01,CH029,5,4,1,84.03,26.6,17.64,52.1
2026-02-01,CH030,7,6,1,117.54,41.0,25.83,54.53
2026-02-01,CH031,2,2,0,57.83,20.3,7.23,22.09
2026-02-01,CH032,5,5,0,127.26,42.4,17.63,54.9
2026-02-01,CH033,7,6,1,194.11,61.8,23.44,120.35
2026-02-01,CH034,4,4,0,92.39,33.9,15.96,44.23
2026-02-01,CH036,8,7,1,186.69,65.1,30.37,97.21
2026-02-01,CH038,6,5,1,132.09,45.3,19.38,68.61
2026-02-01,CH039,5,5,0,147.42,52.2,19.82,55.54
2026-02-01,CH040,4,4,0,72.13,22.7,14.98,28.12
2026-02-01,CH041,4,4,0,75.72,24.8,13.88,38.08
2026-02-01,CH042,8,7,1,173.46,54.3,24.78,90.52
2026-02-01,CH043,6,5,1,84.37,25.9,16.03,48.98
2026-02-01,CH044,1,1,0,23.76,7.6,4.57,12.57
2026-02-01,CH045,7,6,1,184.77,60.5,20.61,68.73
2026-02-01,CH046,5,4,1,95.28,27.6,16.29,38.54
2026-02-01,CH047,2,2,0,48.3,17.7,9.43,20.95
2026-02-01,CH048,8,7,1,157.23,52.3,31.25,66.37
2026-02-01,CH049,6,6,0,146.38,46.4,25.51,90.1
2026-02-01,CH050,1,1,0,37.08,10.9,3.87,15.53
2026-02-01,CH051,11,9,2,180.42,55.0,28.99,98.67
2026-02-01,CH052,4,2,2,46.8,14.8,7.89,19.9
2026-02-01,CH053,7,7,0,126.32,41.2,26.43,68.48
2026-02-01,CH054,1,1,0,25.85,8.5,4.47,9.93
2026-02-01,CH055,5,4,1,53.36,17.6,13.61,19.78
2026-02-01,CH056,7,6,1,153.06,52.9,25.84,78.41
2026-02-01,CH057,6,5,1,109.01,37.5,19.72,64.75
2026-02-01,CH059,6,5,1,97.05,30.4,20.47,42.39
2026-02-01,CH060,7,6,1,120.49,34.9,22.57,53.95
2026-02-01,CH061,6,5,1,116.82,37.7,21.57,44.6
2026-02-01,CH062,7,6,1,124.85,42.3,23.18,67.8
2026-03-01,CH001,4,4,0,67.5,21.4,14.4,39.16
2026-03-01,CH002,5,4,1,76.39,26.7,13.68,32.01
2026-03-01,CH003,6,6,0,165.31,55.2,21.33,84.81
2026-03-01,CH004,5,5,0,115.63,38.1,20.13,41.46
2026-03-01,CH005,7,6,1,203.33,65.7,16.74,126.06
2026-03-01,CH006,4,4,0,80.32,26.0,14.78,29.45
2026-03-01,CH007,7,6,1,124.41,43.9,25.56,68.66
2026-03-01,CH008,5,5,0,117.91,41.3,19.4,49.37
2026-03-01,CH009,6,5,1,116.79,36.4,20.82,71.42
2026-03-01,CH010,5,5,0,147.1,49.4,20.57,64.03
2026-03-01,CH012,2,2,0,49.81,16.0,10.03,25.53
2026-03-01,CH013,5,4,1,58.04,20.5,17.59,21.61
2026-03-01,CH014,11,9,2,166.49,53.1,36.69,92.4
2026-03-01,CH015,7,6,1,97.56,30.8,24.48,49.92
2026-03-01,CH016,7,6,1,127.8,42.7,25.04,53.5
2026-03-01,CH018,9,8,1,215.98,67.7,25.2,133.9
2026-03-01,CH019,12,9,3,250.28,78.2,37.18,155.17
2026-03-01,CH020,7,6,1,107.49,36.8,17.22,53.61
2026-03-01,CH021,8,7,1,94.91,29.7,27.66,38.52
2026-03-01,CH022,5,4,1,93.13,29.3,17.02,56.7
2026-03-01,CH023,7,6,1,160.32,51.9,20.43,67.56
2026-03-01,CH024,2,2,0,51.11,15.8,9.98,31.69
2026-03-01,CH025,11,9,2,225.53,79.7,40.87,93.04
2026-03-01,CH026,12,11,1,184.35,61.5,47.44,101.17
2026-03-01,CH027,1,1,0,26.32,9.4,4.82,9.75
2026-03-01,CH028,2,2,0,50.94,16.9,9.37,22.14
2026-03-01,CH029,6,6,0,122.88,37.9,28.07,75.93
2026-03-01,CH030,11,9,2,185.35,63.9,41.98,94.66
2026-03-01,CH031,5,4,1,63.5,22.0,11.91,28.77
2026-03-01,CH032,13,11,2,159.96,50.7,39.79,77.32
2026-03-01,CH033,8,7,1,180.75,56.2,27.83,112.07
2026-03-01,CH034,2,2,0,43.56,15.6,10.51,16.99
2026-03-01,CH035,4,4,0,69.86,22.1,14.57,36.97
2026-03-01,CH036,13,12,1,272.27,91.9,51.5,139.21
2026-03-01,CH037,1,1,0,38.64,12.8,5.37,16.36
2026-03-01,CH038,8,7,1,144.89,48.5,29.87,62.85
2026-03-01,CH039,6,5,1,118.46,42.0,19.97,59.07
2026-03-01,CH041,6,5,1,103.93,34.1,18.42,51.42
2026-03-01,CH042,4,4,0,110.92,35.5,11.92,68.77
2026-03-01,CH043,11,9,2,198.71,61.6,32.66,116.69
2026-03-01,CH044,5,4,1,70.88,23.0,13.92,28.85
2026-03-01,CH045,5,5,0,110.2,35.2,16.31,48.76
2026-03-01,CH046,4,4,0,69.96,19.9,16.11,28.32
2026-03-01,CH047,1,1,0,24.69,9.2,4.74,10.73
2026-03-01,CH048,6,5,1,98.8,31.8,21.86,54.03
2026-03-01,CH049,11,9,2,226.12,71.2,41.39,133.97
2026-03-01,CH050,5,4,1,79.32,22.7,12.13,28.25
2026-03-01,CH051,7,6,1,138.88,44.2,19.1,86.11
2026-03-01,CH052,7,6,1,137.15,43.7,18.55,51.99
2026-03-01,CH053,1,1,0,31.29,11.0,4.49,16.11
2026-03-01,CH054,4,4,0,56.72,17.6,12.74,19.42
2026-03-01,CH055,8,7,1,177.81,62.7,28.39,93.19
2026-03-01,CH056,9,8,1,212.9,74.3,34.85,105.99
2026-03-01,CH057,5,5,0,84.18,28.4,19.43,37.01
2026-03-01,CH058,2,1,1,29.54,11.3,5.06,11.18
2026-03-01,CH059,5,5,0,115.15,37.2,20.22,52.37
2026-03-01,CH060,7,6,1,162.54,47.2,23.17,56.89
2026-03-01,CH061,5,5,0,91.5,29.4,21.6,32.87
2026-03-01,CH062,7,6,1,118.99,40.6,22.98,70.04
2026-04-01,CH001,5,4,1,77.55,25.5,15.05,36.7
2026-04-01,CH002,4,4,0,82.49,29.1,13.85,34.17
2026-04-01,CH003,16,14,2,270.09,85.6,48.7,133.48
2026-04-01,CH004,5,5,0,85.43,26.5,20.79,28.48
2026-04-01,CH005,5,5,0,65.68,18.7,15.01,40.72
2026-04-01,CH006,2,2,0,57.6,18.7,9.34,25.97
2026-04-01,CH007,11,9,2,227.05,81.5,39.0,93.57
2026-04-01,CH008,11,9,2,200.59,68.8,38.68,84.98
2026-04-01,CH009,13,11,2,193.34,59.4,48.19,119.87
2026-04-01,CH010,2,2,0,62.79,21.1,10.55,31.63
2026-04-01,CH011,4,4,0,74.96,27.9,11.99,29.68
2026-04-01,CH012,8,7,1,151.29,48.5,30.41,90.49
2026-04-01,CH014,8,7,1,175.82,58.1,27.39,94.47
2026-04-01,CH015,7,6,1,138.54,46.0,25.44,53.6
2026-04-01,CH016,4,4,0,84.92,29.0,14.07,40.56
2026-04-01,CH017,4,4,0,108.29,31.5,12.47,48.15
2026-04-01,CH018,13,11,2,227.11,71.2,33.07,140.81
2026-04-01,CH019,8,7,1,178.25,56.1,26.3,110.52
2026-04-01,CH020,1,1,0,32.9,11.7,3.45,16.88
2026-04-01,CH021,2,2,0,60.72,19.7,9.3,28.13
2026-04-01,CH022,2,2,0,46.21,14.3,11.31,28.65
2026-04-01,CH023,7,7,0,168.78,54.5,23.87,69.13
2026-04-01,CH024,5,4,1,91.72,28.9,14.08,56.87
2026-04-01,CH025,4,4,0,75.68,26.4,16.39,33.53
2026-04-01,CH026,11,9,2,194.33,66.1,43.07,108.78
2026-04-01,CH027,2,2,0,60.04,21.1,9.73,25.06
2026-04-01,CH028,7,6,1,101.59,32.0,24.21,45.23
2026-04-01,CH029,4,4,0,80.71,25.8,16.95,44.98
2026-04-01,CH030,11,9,2,237.68,83.4,43.59,94.88
2026-04-01,CH032,14,13,1,375.33,128.2,49.28,187.38
2026-04-01,CH033,6,5,1,119.54,37.8,18.83,74.11
2026-04-01,CH034,4,4,0,87.29,32.0,15.96,24.81
2026-04-01,CH035,4,4,0,77.26,25.0,14.26,34.7
2026-04-01,CH036,8,7,1,119.35,39.8,30.11,60.01
2026-04-01,CH037,2,2,0,42.87,13.9,10.36,18.57
2026-04-01,CH038,5,4,1,80.09,26.8,14.66,37.77
2026-04-01,CH039,4,4,0,91.54,32.4,14.74,46.82
2026-04-01,CH040,6,5,1,138.57,44.8,20.17,55.82
2026-04-01,CH041,5,4,1,78.0,25.8,14.35,36.13
2026-04-01,CH042,9,8,1,202.27,63.4,28.34,120.93
2026-04-01,CH043,11,9,2,192.01,59.0,30.24,95.94
2026-04-01,CH045,4,4,0,76.52,24.3,12.76,31.32
2026-04-01,CH047,2,2,0,26.0,8.8,9.34,12.34
2026-04-01,CH048,8,7,1,108.1,34.3,31.19,50.07
2026-04-01,CH049,6,5,1,117.55,36.9,19.18,72.88
2026-04-01,CH051,11,9,2,287.24,91.2,30.81,177.58
2026-04-01,CH052,1,1,0,23.93,7.7,3.94,9.39
2026-04-01,CH053,7,6,1,122.62,42.0,21.88,64.31
2026-04-01,CH054,6,5,1,103.31,33.5,18.21,43.48
2026-04-01,CH055,11,9,2,216.59,75.5,38.42,100.3
2026-04-01,CH056,2,2,0,47.09,16.3,10.36,28.2
2026-04-01,CH057,4,2,2,50.31,17.4,9.94,27.16
2026-04-01,CH059,7,6,1,141.23,45.5,27.44,61.26
2026-04-01,CH060,9,8,1,179.77,50.7,32.61,77.37
2026-04-01,CH061,1,1,0,24.89,8.0,5.28,10.3
2026-04-01,CH062,5,5,0,100.48,34.3,16.91,52.74
2026-05-01,CH001,5,5,0,112.78,37.6,18.63,50.23
2026-05-01,CH002,5,4,1,82.97,29.7,13.7,28.48
2026-05-01,CH003,6,6,0,125.2,41.2,22.05,59.73
2026-05-01,CH004,7,6,1,163.09,53.4,24.98,73.45
2026-05-01,CH005,13,12,1,329.48,103.9,35.21,204.28
2026-05-01,CH006,6,5,1,86.45,27.3,18.23,44.05
2026-05-01,CH007,7,7,0,171.18,61.8,30.91,70.44
2026-05-01,CH008,7,6,1,125.06,43.5,24.59,63.35
2026-05-01,CH009,6,5,1,112.85,35.1,21.27,69.97
2026-05-01,CH010,5,5,0,115.1,37.3,20.35,62.23
2026-05-01,CH012,8,8,0,121.53,37.8,36.89,67.05
2026-05-01,CH013,5,4,1,86.42,31.8,17.64,34.38
2026-05-01,CH014,12,11,1,246.45,80.4,40.69,128.75
2026-05-01,CH015,7,6,1,181.91,60.9,23.67,92.15
2026-05-01,CH016,5,4,1,79.34,27.5,13.64,37.27
2026-05-01,CH017,4,4,0,103.13,29.8,13.07,37.96
2026-05-01,CH018,8,7,1,188.25,59.8,21.58,116.72
2026-05-01,CH019,7,6,1,137.34,42.7,23.2,85.15
2026-05-01,CH020,1,1,0,21.65,7.3,3.59,8.85
2026-05-01,CH021,2,2,0,50.34,16.6,8.96,26.6
2026-05-01,CH022,4,4,0,75.51,23.7,16.49,46.81
2026-05-01,CH023,2,2,0,40.43,12.6,8.02,19.44
2026-05-01,CH024,4,4,0,94.39,29.8,14.87,58.52
2026-05-01,CH025,6,5,1,94.53,32.6,21.6,40.63
2026-05-01,CH026,8,7,1,99.6,31.8,31.13,52.51
2026-05-01,CH027,6,5,1,87.11,29.7,20.16,30.6
2026-05-01,CH028,7,6,1,126.29,42.6,23.3,59.52
2026-05-01,CH029,6,5,1,117.37,36.5,22.84,72.77
2026-05-01,CH030,5,4,1,87.23,30.6,15.65,39.93
2026-05-01,CH031,4,4,0,83.26,29.3,11.69,34.54
2026-05-01,CH032,8,7,1,199.07,67.6,26.3,95.7
2026-05-01,CH033,13,12,1,260.43,80.5,46.61,161.46
2026-05-01,CH034,4,4,0,75.29,27.1,15.73,32.94
2026-05-01,CH035,6,5,1,95.6,31.5,19.76,49.98
2026-05-01,CH036,9,8,1,176.41,60.3,35.49,97.57
2026-05-01,CH037,1,1,0,27.2,8.8,5.27,9.89
2026-05-01,CH038,7,6,1,142.32,47.2,23.94,57.62
2026-05-01,CH039,6,6,0,97.07,32.8,24.81,39.35
2026-05-01,CH040,6,5,1,108.02,34.4,20.15,45.74
2026-05-01,CH041,6,5,1,129.1,43.9,17.95,59.23
2026-05-01,CH042,13,12,1,362.47,115.5,40.21,217.64
2026-05-01,CH043,11,8,3,165.35,51.6,27.52,96.76
2026-05-01,CH044,4,4,0,79.96,26.3,13.9,40.24
2026-05-01,CH045,2,2,0,46.08,14.6,8.49,19.88
2026-05-01,CH046,2,2,0,62.33,18.1,10.98,25.14
2026-05-01,CH047,2,2,0,35.38,12.8,9.54,12.69
2026-05-01,CH048,8,7,1,198.84,66.5,33.18,109.16
2026-05-01,CH049,11,9,2,259.07,82.1,39.8,159.61
2026-05-01,CH050,4,4,0,103.01,29.9,12.24,41.69
2026-05-01,CH051,8,7,1,169.04,53.2,22.93,104.81
2026-05-01,CH052,1,1,0,28.57,9.3,3.85,13.65
2026-05-01,CH053,6,5,1,158.81,56.3,16.87,88.55
2026-05-01,CH054,11,9,2,252.94,82.4,34.78,91.29
2026-05-01,CH055,6,5,1,76.55,26.4,18.5,33.58
2026-05-01,CH057,1,1,0,33.83,11.9,4.91,17.54
2026-05-01,CH058,2,2,0,35.96,13.0,10.23,14.16
2026-05-01,CH059,4,4,0,84.86,27.7,15.0,31.0
2026-05-01,CH060,8,7,1,160.12,45.8,27.53,75.03
2026-05-01,CH061,11,9,2,260.64,84.8,43.58,102.68
2026-05-01,CH062,6,5,1,124.8,43.3,18.02,64.62
2026-06-01,CH001,9,8,1,240.92,81.1,34.79,106.79
2026-06-01,CH002,2,2,0,50.31,17.5,9.16,22.14
2026-06-01,CH003,9,8,1,163.96,53.4,30.76,60.05
2026-06-01,CH004,7,6,1,123.63,39.4,25.42,59.41
2026-06-01,CH005,7,6,1,138.23,42.9,17.7,85.7
2026-06-01,CH006,4,4,0,109.7,35.5,14.1,34.31
2026-06-01,CH007,11,8,3,175.52,62.0,35.63,73.62
2026-06-01,CH008,7,6,1,100.98,33.6,24.04,47.19
2026-06-01,CH009,13,11,2,287.02,90.6,49.1,177.95
2026-06-01,CH010,5,5,0,104.16,34.0,20.51,49.9
2026-06-01,CH011,5,4,1,70.55,25.8,11.16,23.79
2026-06-01,CH012,2,2,0,65.99,21.9,10.49,35.66
2026-06-01,CH013,8,7,1,157.16,56.1,34.6,63.41
2026-06-01,CH014,8,7,1,192.84,64.0,26.02,87.56
2026-06-01,CH015,4,4,0,89.92,29.7,14.71,45.29
2026-06-01,CH016,5,5,0,122.58,41.2,19.04,44.96
2026-06-01,CH017,5,5,0,108.72,30.7,17.76,49.04
2026-06-01,CH018,8,7,1,148.32,45.6,20.94,91.96
2026-06-01,CH019,8,7,1,223.87,71.4,27.87,130.64
2026-06-01,CH020,4,4,0,89.62,31.0,10.37,45.18
2026-06-01,CH021,2,2,0,66.61,22.0,8.75,35.2
2026-06-01,CH022,7,6,1,129.31,40.1,26.5,80.17
2026-06-01,CH023,4,4,0,57.6,17.8,12.25,20.89
2026-06-01,CH024,5,4,1,108.9,34.6,14.6,60.19
2026-06-01,CH025,11,9,2,231.14,81.1,40.56,96.91
2026-06-01,CH026,9,8,1,231.71,79.9,37.42,98.98
2026-06-01,CH027,1,1,0,27.63,9.7,4.75,10.39
2026-06-01,CH028,8,7,1,145.63,48.9,28.0,52.09
2026-06-01,CH029,4,4,0,80.77,25.3,17.29,49.27
2026-06-01,CH030,9,8,1,183.19,64.5,36.8,83.37
2026-06-01,CH031,7,6,1,127.65,43.6,18.79,43.27
2026-06-01,CH032,11,9,2,191.31,64.9,33.82,79.23
2026-06-01,CH033,9,8,1,208.8,66.3,32.97,129.46
2026-06-01,CH034,4,4,0,92.24,34.0,15.66,40.52
2026-06-01,CH035,2,2,0,42.67,14.0,9.69,19.68
2026-06-01,CH036,9,8,1,175.02,60.1,37.07,92.62
2026-06-01,CH037,2,2,0,39.96,12.7,10.34,14.8
2026-06-01,CH038,2,2,0,56.61,19.0,9.83,28.43
2026-06-01,CH039,9,8,1,156.94,54.0,35.05,77.54
2026-06-01,CH040,5,5,0,119.5,38.7,19.85,48.88
2026-06-01,CH041,4,4,0,83.93,27.9,13.98,39.29
2026-06-01,CH042,13,12,1,228.6,70.5,39.66,137.76
2026-06-01,CH043,13,11,2,238.32,74.8,35.36,146.01
2026-06-01,CH044,2,2,0,59.11,19.6,9.42,35.02
2026-06-01,CH045,7,6,1,131.0,41.2,20.96,54.99
2026-06-01,CH046,9,8,1,245.91,72.1,37.97,101.37
2026-06-01,CH047,4,2,2,35.68,12.8,9.25,14.38
2026-06-01,CH048,7,6,1,165.7,55.2,27.56,94.58
2026-06-01,CH049,7,6,1,154.83,49.1,25.12,95.99
2026-06-01,CH050,4,4,0,132.18,39.1,11.96,40.6
2026-06-01,CH051,5,4,1,99.63,31.9,11.41,61.77
2026-06-01,CH052,7,6,1,170.33,56.0,19.15,57.9
2026-06-01,CH053,4,4,0,88.26,31.4,12.87,45.3
2026-06-01,CH054,6,6,0,108.93,34.4,22.16,43.88
2026-06-01,CH055,13,11,2,281.32,99.9,42.79,117.26
2026-06-01,CH056,8,8,0,174.62,60.1,36.62,82.65
2026-06-01,CH057,5,4,1,81.75,28.1,14.43,34.38
2026-06-01,CH058,1,1,0,15.43,5.4,4.87,5.53
2026-06-01,CH059,2,2,0,67.27,21.7,9.69,24.83
2026-06-01,CH060,15,13,2,421.18,123.1,49.58,207.46
2026-06-01,CH061,1,1,0,32.92,10.7,5.41,12.6
2026-06-01,CH062,4,4,0,84.81,29.3,12.95,43.48
2026-07-01,CH001,11,9,2,215.72,70.3,40.88,116.42
2026-07-01,CH002,4,4,0,77.32,27.5,12.83,29.55
2026-07-01,CH003,14,12,2,254.52,82.5,42.42,107.56
2026-07-01,CH004,5,5,0,134.95,43.8,21.12,59.4
2026-07-01,CH005,6,5,1,91.45,28.3,14.83,56.7
2026-07-01,CH006,7,6,1,204.3,68.1,23.26,85.67
2026-07-01,CH007,12,9,3,168.04,58.7,42.23,61.3
2026-07-01,CH008,7,6,1,104.57,35.0,24.97,45.4
2026-07-01,CH009,12,9,3,258.59,81.3,41.54,160.33
2026-07-01,CH010,5,4,1,74.14,24.4,15.37,36.26
2026-07-01,CH011,5,4,1,56.42,20.5,11.34,21.7
2026-07-01,CH012,7,6,1,131.03,43.2,26.14,72.39
2026-07-01,CH013,8,7,1,181.88,66.3,34.7,68.5
2026-07-01,CH014,14,12,2,249.07,82.3,42.4,122.83
2026-07-01,CH015,4,4,0,61.51,19.8,14.5,29.35
2026-07-01,CH016,12,11,1,256.38,86.9,42.89,118.29
2026-07-01,CH017,8,7,1,142.62,40.5,25.82,50.76
2026-07-01,CH018,19,16,3,470.34,149.9,46.85,291.61
2026-07-01,CH019,15,14,1,406.09,128.5,56.8,251.77
2026-07-01,CH020,1,1,0,26.21,8.9,3.5,14.49
2026-07-01,CH021,14,13,1,266.06,84.7,51.41,132.0
2026-07-01,CH022,4,4,0,103.13,33.2,16.98,63.94
2026-07-01,CH023,6,6,0,123.24,38.9,20.08,41.71
2026-07-01,CH024,2,2,0,64.14,20.2,9.71,37.0
2026-07-01,CH025,8,7,1,163.76,57.5,31.03,65.07
2026-07-01,CH026,14,12,2,270.64,89.8,51.77,116.47
2026-07-01,CH027,4,4,0,81.95,28.9,14.7,40.26
2026-07-01,CH028,7,7,0,185.0,62.5,29.48,89.57
2026-07-01,CH029,6,5,1,108.96,33.8,22.98,67.55
2026-07-01,CH030,12,11,1,144.53,48.4,48.29,68.99
2026-07-01,CH031,6,5,1,111.77,39.3,15.19,37.29
2026-07-01,CH032,12,11,1,289.17,98.9,37.72,129.87
2026-07-01,CH033,4,4,0,80.82,25.4,14.33,50.11
2026-07-01,CH034,4,4,0,77.65,28.5,16.59,29.95
2026-07-01,CH035,6,5,1,146.98,48.9,19.3,66.23
2026-07-01,CH036,9,8,1,223.03,76.8,37.26,110.91
2026-07-01,CH037,4,4,0,100.83,33.0,16.43,35.86
2026-07-01,CH038,9,8,1,225.17,76.0,34.22,108.2
2026-07-01,CH039,9,8,1,133.8,45.7,34.44,61.4
2026-07-01,CH040,8,7,1,202.06,65.6,28.9,84.76
2026-07-01,CH041,12,11,1,259.72,87.1,42.34,110.1
2026-07-01,CH042,9,8,1,244.82,77.0,27.39,151.79
2026-07-01,CH043,19,15,4,399.51,126.7,51.39,247.7
2026-07-01,CH044,4,4,0,97.18,32.4,13.44,44.08
2026-07-01,CH045,9,8,1,255.99,83.9,29.08,80.95
2026-07-01,CH046,15,13,2,384.37,111.1,60.95,164.6
2026-07-01,CH047,5,4,1,77.68,29.6,13.49,29.55
2026-07-01,CH048,16,14,2,236.67,74.4,64.11,101.51
2026-07-01,CH049,13,11,2,196.72,59.7,44.9,121.96
2026-07-01,CH050,4,4,0,110.43,32.2,11.59,35.91
2026-07-01,CH051,16,15,1,347.34,109.5,50.88,215.35
2026-07-01,CH052,8,7,1,176.97,57.9,21.85,72.82
2026-07-01,CH053,8,7,1,143.21,48.9,26.02,58.37
2026-07-01,CH054,4,2,2,52.47,16.9,8.75,18.16
2026-07-01,CH055,6,5,1,113.71,40.0,17.96,49.97
2026-07-01,CH056,8,7,1,165.51,56.3,30.67,81.57
2026-07-01,CH057,7,6,1,109.39,35.9,24.55,57.03
2026-07-01,CH059,4,4,0,85.66,27.3,15.92,33.52
2026-07-01,CH060,11,8,3,210.97,61.4,31.69,79.67
2026-07-01,CH061,5,4,1,84.79,27.4,16.47,38.79
2026-07-01,CH062,6,5,1,97.98,33.2,18.61,45.47
