Date,CampagneID,AnnonceurID,Ville,BudgetPrevuMois,BudgetConsommeMois
2025-07-01,CP01,AN06,Ben Arous,61.67,54.33
2025-08-01,CP01,AN06,Ben Arous,61.67,54.33
2025-09-01,CP01,AN06,Ben Arous,61.67,54.33
2025-09-01,CP02,AN06,Sfax,190.0,180.0
2025-10-01,CP02,AN06,Sfax,190.0,180.0
2025-11-01,CP02,AN06,Sfax,190.0,180.0
2025-07-01,CP03,AN07,Mahdia,181.67,216.67
2025-08-01,CP03,AN07,Mahdia,181.67,216.67
2025-09-01,CP03,AN07,Mahdia,181.67,216.67
2026-03-01,CP04,AN07,Manouba,125.5,128.0
2026-04-01,CP04,AN07,Manouba,125.5,128.0
2026-05-01,CP04,AN07,Manouba,125.5,128.0
2026-06-01,CP04,AN07,Manouba,125.5,128.0
2025-07-01,CP05,AN01,Bizerte,156.5,152.0
2025-08-01,CP05,AN01,Bizerte,156.5,152.0
2026-05-01,CP06,AN04,Sousse,190.33,268.67
2026-06-01,CP06,AN04,Sousse,190.33,268.67
2026-07-01,CP06,AN04,Sousse,190.33,268.67
2025-06-01,CP07,AN02,Ben Arous,182.0,168.0
2025-07-01,CP07,AN02,Ben Arous,182.0,168.0
2025-08-01,CP07,AN02,Ben Arous,182.0,168.0
2025-08-01,CP08,AN04,Ariana,72.33,57.33
2025-09-01,CP08,AN04,Ariana,72.33,57.33
2025-10-01,CP08,AN04,Ariana,72.33,57.33
2025-11-01,CP09,AN07,Tunis,87.5,65.0
2025-12-01,CP09,AN07,Tunis,87.5,65.0
2026-01-01,CP09,AN07,Tunis,87.5,65.0
2026-02-01,CP09,AN07,Tunis,87.5,65.0
2026-03-01,CP10,AN04,Kairouan,85.75,109.5
2026-04-01,CP10,AN04,Kairouan,85.75,109.5
2026-05-01,CP10,AN04,Kairouan,85.75,109.5
2026-06-01,CP10,AN04,Kairouan,85.75,109.5
2026-04-01,CP11,AN05,Kairouan,89.0,75.0
2026-05-01,CP11,AN05,Kairouan,89.0,75.0
2025-12-01,CP12,AN05,Ariana,160.0,124.5
2026-01-01,CP12,AN05,Ariana,160.0,124.5
