ProprietaireID,Proprietaire,Ville
PRO001,Wassim Slimani,Tunis
PRO002,Mariem Ktari,Sfax
PRO003,Mohamed Hamdi,Tunis
PRO004,Amel Gharbi,Sfax
PRO005,Taoufik Baccouche,Tunis
PRO006,Slim Belhaj,Djerba
PRO007,Sami Belhaj,Sfax
PRO008,Sarra Amri,Kairouan
PRO009,Olfa Ferchichi,Sfax
PRO010,Ali Jaziri,Sfax
PRO011,Ahmed Hammami,Monastir
PRO012,Mourad Sassi,Kairouan
PRO013,Nizar Zouari,Monastir
PRO014,Ines Sassi,Sfax
PRO015,Hela Zouari,Sousse
PRO016,Yosra Slimani,Tunis
PRO017,Youssef Amri,Sousse
PRO018,Hatem Ferchichi,Nabeul
PRO019,Rim Ben Salah,Tunis
PRO020,Hedi Amri,Mahdia
PRO021,Sarra Karoui,Sousse
PRO022,Mariem Chebbi,Manouba
PRO023,Hela Hammami,Djerba
PRO024,Chokri Mansouri,Nabeul
PRO025,Ahmed Zouari,Monastir
PRO026,Nour Slimani,Sfax
